Acné,Acne
Affections des voies respiratoires,Respiratory tract infections
Affections des voies respiratoires basses,Lower respiratory tract infections
Affections des voies respiratoires hautes,Upper respiratory tract infections
Allergie,Allergy
Analgésique,Analgesic
Angine,Tonsillitis , Throat infection
Antiinflammatoire,Antiinflammatory
Antiacide,Antacid
Antibiotique,Antibiotic
Anticoagulant,Anticoagulant
Antidiabétique,Antidiabetic    
Antidouleur,Painkiller
Antifongique,Antifungal
Antihistaminique,Antihistamine
Antihypertenseur,Antihypertensive
Antiparasitaire,Antiparasitic
Antiprurigineux,Antipruritic
Antipyrétique,Antipyretic
Antiseptique,Antiseptic
Antispasmodique,Antispasmodic
Antitussif,Antitussive , Cough suppressant
Antiviral,Antiviral
Anxiété,Anxiety
Anémie,Anemia
Arthrite,Arthritis
Arthrose,Osteoarthritis
Asthme,Asthma
Asthénie,Asthenia , Weakness
Ballonnements,Bloating
Bronchiolite,Bronchiolitis
Bronchite,Bronchitis
Bronchodilatateur,Bronchodilator
Brûlures d'estomac,Heartburn
Brûlures superficielles,Superficial burns
Candidose,Candidiasis
Carence en fer,Iron deficiency
Carence en vitamine D,Vitamin D deficiency
Cicatrisant,Healing , Cicatrizing
Complément alimentaire,Food supplement
Congestion nasale,Nasal congestion
Conjonctivite,Conjunctivitis
Constipation,Constipation
Contusion,Bruise , Contusion
Coqueluche,Whooping cough
Corticoïde,Corticosteroid
Coup de soleil,Sunburn
Cystite,Cystitis , Urinary tract infection
Céphalées,Headaches
Dermatite,Dermatitis
Diabète,Diabetes
Diabète de type 1,Type 1 diabetes
Diabète de type 2,Type 2 diabetes
Diarrhée,Diarrhea
Difficultés à avaler,Difficulty swallowing
Diurétique,Diuretic
Douleur,Pain
Douleurs abdominales,Abdominal pain
Douleurs articulaires,Joint pain
Douleurs de dos,Back pain
Douleurs dentaires,Dental pain
Douleurs et fièvre,Pain and fever
Douleurs légères à modérées,Mild to moderate pain
Douleurs menstruelles,Menstrual pain
Douleurs modérées à sévères,Moderate to severe pain
Douleurs musculaires,Muscle pain
Douleurs rhumatismales,Rheumatic pain
Décongestionnant nasal,Nasal decongestant
Dépression,Depression
Désinfectant,Disinfectant
Eczéma,Eczema
Encombrement bronchique,Bronchial congestion
Encombrement nasal,Nasal congestion
Enrouement,Hoarseness
Entorse,Sprain
Essoufflement,Shortness of breath
Expectorant,Expectorant
Expectoration,Expectoration , Phlegm
Fatigue,Fatigue
Fièvre,Fever
Fièvre modérée,Moderate fever
Fièvre élevée,High fever
Flatulences,Flatulence
Fluidifiant bronchique,Bronchial mucolytic
Fluidifiant sanguin,Blood thinner
Gale,Scabies
Gastrite,Gastritis
Gastroentérite,Gastroenteritis
Gorge irritée,Irritated throat
Gorge sèche,Dry throat
Grippe,Flu , Influenza
Gêne respiratoire,Breathing discomfort
Herpès,Herpes
Hypercholestérolémie,Hypercholesterolemia
Hypertension,Hypertension
Hypertension artérielle,Arterial hypertension
Hyperthyroïdie,Hyperthyroidism
Hypothyroïdie,Hypothyroidism
Hémorroïdes,Hemorrhoids
Hépatite,Hepatitis
Immunosuppresseur,Immunosuppressant
Indication,Indication
Indications thérapeutiques,Therapeutic indications
Infarctus du myocarde,Myocardial infarction , Heart attack
Infection,Infection
Infections ORL,ENT infections
Infections cutanées,Skin infections
Infections digestives,Digestive infections
Infections urinaires,Urinary tract infections
Inflammation,Inflammation
Insomnie,Insomnia
Insomnie,Insomnia
Insuffisance cardiaque,Heart failure
Insuffisance rénale,Renal failure
Insuffisance veineuse,Venous insufficiency
Irritation oculaire,Eye irritation
Jambes lourdes,Heavy legs
Larmoiements,Watery eyes
Laryngite,Laryngitis
Laxatif,Laxative
Maux de gorge,Sore throat
Maux de tête,Headache
Migraine,Migraine
Mucolytique,Mucolytic
Mycose,Fungal infection
Nausée,Nausea
Nez bouché,Blocked nose
Nez qui coule,Runny nose
Oedème,Edema , Swelling
Otite,Otitis , Ear infection
Palpitations,Palpitations
Paludisme,Malaria
Parasitose intestinale,Intestinal parasitosis
Pharyngite,Pharyngitis
Plaie,Wound
Pneumonie,Pneumonia
Poux,Lice
Prurit,Pruritus , Itching
Prévention de,Prevention of
Psoriasis,Psoriasis
Reflux gastroœsophagien,Gastroesophageal reflux
Reminéralisant,Remineralizing
Rhinite,Rhinitis
Rhinite allergique,Allergic rhinitis
Rhinopharyngite,Rhinopharyngitis
Rhume,Common cold
Rougeole,Measles
Rééquilibrant,Rebalancing
Sciatique,Sciatica
Sifflement respiratoire,Wheezing
Sinusite,Sinusitis
Somnolence,Drowsiness
Soulagement de,Relief of
Supplément vitaminique,Vitamin supplement
Syndrome fébrile,Febrile syndrome
Syndrome grippal,Flulike syndrome
Sécheresse buccale,Dry mouth
Sécheresse cutanée,Dry skin
Sécheresse oculaire,Dry eyes
Sécrétions nasales,Nasal secretions
Tonique,Tonic
Toux,Cough
Toux grasse,Productive cough , Wet cough
Toux sèche,Dry cough
Traitement de,Treatment of
Traumatisme,Trauma
Troubles circulatoires,Circulatory disorders
Troubles de l'humeur,Mood disorders
Troubles digestifs,Digestive disorders
Troubles du sommeil,Sleep disorders
Ulcère,Ulcer
Urticaire,Urticaria , Hives
Vaccin,Vaccine
Varicelle,Chickenpox
Vasoconstricteur,Vasoconstrictor
Vasodilatateur,Vasodilator
Verrues,Warts
Vers intestinaux,Intestinal worms
Vertiges,Dizziness , Vertigo
Vomissements,Vomiting
Zona,Shingles , Herpes zoster
Écoulement nasal,Nasal discharge , Runny nose
Émollient,Emollient
Épilepsie,Epilepsy
Éruption cutanée,Skin rash
État fébrile,Febrile state
État grippal,Flulike state
Éternuements,Sneezing
Acide chlorhydrique,Hydrochloric acid
Acide citrique,Citric acid
Alcool benzylique,Benzyl alcohol
Amidon,Starch
Arôme fraise,Strawberry flavor
Arôme framboise,Raspberry flavor
Arôme menthe,Mint flavor
Arôme orange,Orange flavor
Arôme vanille,Vanilla flavor
Bicarbonate de sodium,Sodium bicarbonate
Camphre,Camphor
Cellulose microcristalline,Microcrystalline cellulose
Chlorure de sodium,Sodium chloride
Citrate de sodium,Sodium citrate
Colorant,Colorant , Dye
Composition,Composition
Contient,Contains
Dioxyde de titane,Titanium dioxide
Eau purifiée,Purified water
Eucalyptol,Eucalyptol
Excipients,Excipients
Glucose,Glucose
Glycérol,Glycerol
Huile de ricin,Castor oil
Hydroxyde de sodium,Sodium hydroxide
Hypromellose,Hypromellose
Lactose,Lactose
Menthol,Menthol
Par comprimé,Per tablet
Par dose,Per dose
Par gélule,Per capsule
Par ml,Per ml
Parabène,Paraben
Povidone,Povidone
Principe actif,Active ingredient
Propylène glycol,Propylene glycol
Saccharose,Sucrose
Sans conservateurs,Preservativefree
Sans gluten,Glutenfree
Sans lactose,Lactosefree
Sorbitol,Sorbitol
Stéarate de magnésium,Magnesium stearate
Sérum physiologique,Saline solution
Adultes,Adults
Adultes et adolescents,Adults and adolescents
Adultes et enfants,Adults and children
Agiter avant usage,Shake before use
Appliquer sur la peau,Apply to skin
Après les repas,After meals
Au coucher,At bedtime
Avaler,Swallow
Avaler sans croquer,Swallow whole
Avant les repas,Before meals
Avec un grand verre d'eau,With a full glass of water
Croquer,Chew
Deux fois par jour,Twice daily
Diluer avant emploi,Dilute before use
Dissoudre dans l'eau,Dissolve in water
Dose,Dose
Dose journalière,Daily dose
Dose maximale,Maximum dose
Dose unique,Single dose
Durée du traitement,Duration of treatment
En cas d'oubli,If a dose is missed
Enfants,Children
Enfants de moins de 15 kg,Children under 15 kg
Enfants de plus de 12 ans,Children over 12 years
Enfants de plus de 6 ans,Children over 6 years
Femme allaitante,Breastfeeding woman
Femme enceinte,Pregnant woman
Inhaler,Inhale
Injecter,Inject
Instiller,Instil
Insuffisant hépatique,Hepatic impairment
Insuffisant rénal,Renal impairment
Matin,Morning
Midi,Noon
Mode d'emploi,Directions for use
Ne pas interrompre le traitement,Do not discontinue treatment
Nourrissons,Infants
Nourrissons de moins de 3 mois,Infants under 3 months
Nouveaunés,Newborns
Pendant les repas,With meals
Personnes âgées,Elderly
Posologie,Dosage
Selon l'âge,According to age
Selon le poids,According to weight
Soir,Evening
Sujet âgé,Elderly patient
Toutes les 12 heures,Every 12 hours
Toutes les 8 heures,Every 8 hours
Trois fois par jour,Three times daily
Une fois par jour,Once daily
Usage externe,External use
Usage interne,Internal use
Voie auriculaire,Auricular route
Voie cutanée,Cutaneous route
Voie injectable,Injectable route
Voie nasale,Nasal route
Voie ophtalmique,Ophthalmic route
Voie orale,Oral route
Voie rectale,Rectal route
Voie vaginale,Vaginal route
À jeun,On an empty stomach
À partir de 15 kg,From 15 kg
Date de fabrication,Manufacturing date
Date de péremption,Expiry date
Distribué par,Distributed by
Dénomination commune internationale,International nonproprietary name
Fabriqué en Tunisie,Made in Tunisia
Fabriqué par,Manufactured by
Importé par,Imported by
Ministère de la Santé,Ministry of Health
Médicament,Medicine
Nom de marque,Brand name
Numéro d'autorisation,Authorization number
Numéro de lot,Batch number
Pays d'origine,Country of origin
Pharmacovigilance,Pharmacovigilance
Spécialité pharmaceutique,Pharmaceutical specialty
Visa sanitaire,Health authorization
À utiliser avant le,Use before
Bouchon de sécurité,Safety cap
Boîte,Box
Comprimés,Tablets
Conserver cette notice,Keep this leaflet
Emballage,Packaging
Gélules,Capsules
Lire attentivement la notice,Read the leaflet carefully
Notice,Package leaflet
Notice disponible sur demande,Leaflet available on request
Ouverture sécurisée,Childresistant opening
Pièces,Units , Pieces
Plaquette thermoformée,Blister pack
Ampoule,Ampoule
Aérosol,Aerosol
Capsule molle,Soft capsule
Collyre,Eye drops
Comprimé,Tablet
Comprimé effervescent,Effervescent tablet
Comprimé pelliculé,Filmcoated tablet
Comprimé sublingual,Sublingual tablet
Comprimé sécable,Scored tablet
Comprimé à libération prolongée,Extendedrelease tablet
Crème,Cream
Flacon,Bottle , Vial
Gel,Gel
Gouttes auriculaires,Ear drops
Gouttes nasales,Nasal drops
Granulés,Granules
Gélule,Capsule
Gélule à libération prolongée,Extendedrelease capsule
Implant,Implant
Inhalateur,Inhaler
Lotion,Lotion
Lyophilisat,Freezedried powder
Ovule,Vaginal pessary
Patch transdermique,Transdermal patch
Pommade,Ointment
Poudre pour solution,Powder for solution
Poudre pour suspension,Powder for suspension
Sachet,Sachet
Sirop,Syrup
Solution buvable,Oral solution
Solution injectable,Injectable solution
Solution pour perfusion,Solution for infusion
Spray nasal,Nasal spray
Suppositoire,Suppository
Suspension buvable,Oral suspension
Suspension injectable,Injectable suspension
Biodisponibilité,Bioavailability
Biosimilaire,Biosimilar
Médicament de référence,Reference medicine
Médicament générique,Generic medicine
Médicament à prescription restreinte,Restricted prescription medicine
Ordonnance,Prescription
Psychotrope,Psychotropic
Sans ordonnance,Without prescription , Over the counter
Stupéfiant,Narcotic
Usage hospitalier,Hospital use only
Usage humain,Human use
Usage vétérinaire,Veterinary use
Après ouverture utiliser dans les,After opening use within
Conserver,Store
Conserver au frais,Store in a cool place
Conserver au réfrigérateur,Store in the refrigerator
Conserver dans l'emballage d'origine,Keep in original packaging
Conserver entre 15°C et 25°C,Store between 15°C and 25°C
Conserver entre 2°C et 8°C,Store between 2°C and 8°C
Conserver à température ambiante,Store at room temperature
Ne pas congeler,Do not freeze
Ne pas exposer à des températures supérieures à,Do not expose to temperatures above
À conserver au sec,Store in a dry place
À l'abri de l'humidité,Keep away from moisture
À l'abri de la lumière,Keep away from light
%,percent
g,g
kg,kg
mEq,mEq
mg,mg
ml,ml
mmol,mmol
µg,µg
Allaitement,Breastfeeding
Allergie,Allergy
Attention,Warning
Avertissement,Caution
Ce médicament peut provoquer de la somnolence,This medicine may cause drowsiness
Consulter un médecin,Consult a doctor
Contient de l'alcool,Contains alcohol
Contient du lactose,Contains lactose
Contreindications,Contraindications
Effets indésirables,Side effects Adverse effects
En cas de doute consultez votre médecin,If in doubt consult your doctor
Eviter l'exposition au soleil,Avoid sun exposure
Grossesse,Pregnancy
Hypersensibilité,Hypersensitivity
Interactions médicamenteuses,Drug interactions
Médicament soumis à prescription médicale,Prescription only medicine
Ne pas avaler,Do not swallow
Ne pas conduire,Do not drive
Ne pas dépasser la dose prescrite,Do not exceed the prescribed dose
Ne pas utiliser après la date de péremption,Do not use after the expiry date
Ne pas utiliser chez les enfants de moins de,Do not use in children under
Précautions d'emploi,Precautions for use
Réservé à l'adulte,For adult use only
Surdosage,Overdose
Tenir hors de portée des enfants,Keep out of reach of children
Tenir à l'abri de la chaleur,Keep away from heat
Paracétamol,Paracetamol , Acetaminophen
Ibuprofène,Ibuprofen
Aspirine,Aspirin , Acetylsalicylic acid
Acide acétylsalicylique,Acetylsalicylic acid
Codéine,Codeine
Tramadol,Tramadol
Diclofénac,Diclofenac
Kétoprofène,Ketoprofen
Naproxène,Naproxen
Métamizole,Metamizole , Dipyrone
Morphine,Morphine
Fentanyl,Fentanyl
Oxycodone,Oxycodone
Caféine,Caffeine
Néfopam,Nefopam
Indométacine,Indomethacin
Célécoxib,Celecoxib
Méloxicam,Meloxicam
Piroxicam,Piroxicam
Étoricoxib,Etoricoxib
Amoxicilline,Amoxicillin
Amoxicilline,acide clavulanique,Amoxicillin,clavulanic acid , Co-amoxiclav
Ampicilline,Ampicillin
Cloxacilline,Cloxacillin
Pivmécillinam,Pivmecillinam
Céfadroxil,Cefadroxil
Céfalexine,Cefalexin
Céfazoline,Cefazolin
Céfixime,Cefixime
Céfuroxime,Cefuroxime
Ceftriaxone,Ceftriaxone
Céfotaxime,Cefotaxime
Ceftazidime,Ceftazidime
Azithromycine,Azithromycin
Clarithromycine,Clarithromycin
Érythromycine,Erythromycin
Spiramycine,Spiramycin
Roxithromycine,Roxithromycin
Josamycine,Josamycin
Ciprofloxacine,Ciprofloxacin
Norfloxacine,Norfloxacin
Lévofloxacine,Levofloxacin
Ofloxacine,Ofloxacin
Moxifloxacine,Moxifloxacin
Métronidazole,Metronidazole
Tinidazole,Tinidazole
Doxycycline,Doxycycline
Tétracycline,Tetracycline
Minocycline,Minocycline
Chloramphénicol,Chloramphenicol
Cotrimoxazole,Co-trimoxazole
Triméthoprime,Trimethoprim
Sulfaméthoxazole,Sulfamethoxazole
Lincomycine,Lincomycin
Clindamycine,Clindamycin
Rifampicine,Rifampicin
Isoniazide,Isoniazid
Pyrazinamide,Pyrazinamide
Éthambutol,Ethambutol
Gentamicine,Gentamicin
Tobramycine,Tobramycin
Amikacine,Amikacin
Néomycine,Neomycin
Fosfomycine,Fosfomycin
Nitrofurantoïne,Nitrofurantoin
Vancomycine,Vancomycin
Fluconazole,Fluconazole
Clotrimazole,Clotrimazole
Miconazole,Miconazole
Kétoconazole,Ketoconazole
Terbinafine,Terbinafine
Itraconazole,Itraconazole
Nystatine,Nystatin
Voriconazole,Voriconazole
Griséofulvine,Griseofulvin
Aciclovir,Aciclovir , Acyclovir
Valaciclovir,Valaciclovir
Oseltamivir,Oseltamivir
Ribavirine,Ribavirin
Sofosbuvir,Sofosbuvir
Ténofovir,Tenofovir
Lamivudine,Lamivudine
Efavirenz,Efavirenz
Albendazole,Albendazole
Mébendazole,Mebendazole
Pyrantel,Pyrantel
Ivermectine,Ivermectin
Chloroquine,Chloroquine
Quinine,Quinine
Artéméther,Artemether
Artéméther,luméfantrine,Artemether,lumefantrine
Atovaquone,proguanil,Atovaquone,proguanil
Cétirizine,Cetirizine
Loratadine,Loratadine
Desloratadine,Desloratadine
Fexofénadine,Fexofenadine
Lévocétirizine,Levocetirizine
Bilastine,Bilastine
Clémastine,Clemastine
Prométhazine,Promethazine
Diphénhydramine,Diphenhydramine
Chlorphénamine,Chlorphenamine
Phényléphrine,Phenylephrine
Pseudoéphédrine,Pseudoephedrine
Oxymetazoline,Oxymetazoline
Xylométazoline,Xylometazoline
Dextrométhorphane,Dextromethorphan
Guaïfénésine,Guaifenesin
Bromhexine,Bromhexine
Ambroxol,Ambroxol
Acétylcystéine,Acetylcysteine , N-acetylcysteine
Carbocistéine,Carbocisteine
Folcodine,Pholcodine
Salbutamol,Salbutamol , Albuterol
Terbutaline,Terbutaline
Salmétérol,Salmeterol
Formotérol,Formoterol
Béclométasone,Beclometasone
Budesonide,Budesonide
Fluticasone,Fluticasone
Tiotropium,Tiotropium
Montelukast,Montelukast
Théophylline,Theophylline
Aminophylline,Aminophylline
Cromolyn sodique,Sodium cromoglycate
Oméprazole,Omeprazole
Pantoprazole,Pantoprazole
Esoméprazole,Esomeprazole
Lansoprazole,Lansoprazole
Rabéprazole,Rabeprazole
Ranitidine,Ranitidine
Famotidine,Famotidine
Cimétidine,Cimetidine
Hydroxyde d'aluminium,Aluminum hydroxide
Hydroxyde de magnésium,Magnesium hydroxide
Alginate de sodium,Sodium alginate
Diméticone,Dimethicone , Simethicone
Métoclopramide,Metoclopramide
Dompéridone,Domperidone
Ondansétron,Ondansetron
Granisetron,Granisetron
Méclizine,Meclizine
Diménhydrinate,Dimenhydrinate
Scopolamine,Scopolamine , Hyoscine
Lopéramide,Loperamide
Racécadotril,Racecadotril
Smectite,Smectite , Diosmectite
Charbon activé,Activated charcoal
Lactulose,Lactulose
Bisacodyl,Bisacodyl
Séné,Senna
Macrogol,Macrogol , Polyethylene glycol
Huile de paraffine,Paraffin oil
Mesalazine,Mesalazine , Mesalamine
Sulfasalazine,Sulfasalazine
Colchicine,Colchicine
Allopurinol,Allopurinol
Trimébutine,Trimebutine
Mébévérine,Mebeverine
Hyoscine butylbromure,Hyoscine butylbromide
Ursodéoxycholique,Ursodeoxycholic acid
Silymarine,Silymarin
Metformine,Metformin
Glibenclamide,Glibenclamide
Gliclazide,Gliclazide
Glipizide,Glipizide
Insuline rapide,Short-acting insulin
Insuline lente,Long-acting insulin
Insuline NPH,NPH insulin
Sitagliptine,Sitagliptin
Empagliflozine,Empagliflozin
Dapagliflozine,Dapagliflozin
Liraglutide,Liraglutide
Pioglitazone,Pioglitazone
Répaglinide,Repaglinide
Acarbose,Acarbose
Amlodipine,Amlodipine
Nifédipine,Nifedipine
Félodipine,Felodipine
Valsartan,Valsartan
Losartan,Losartan
Irbesartan,Irbesartan
Telmisartan,Telmisartan
Ramipril,Ramipril
Énalapril,Enalapril
Lisinopril,Lisinopril
Périndopril,Perindopril
Captopril,Captopril
Bisoprolol,Bisoprolol
Aténolol,Atenolol
Métoprolol,Metoprolol
Propranolol,Propranolol
Nébivolol,Nebivolol
Carvedilol,Carvedilol
Furosémide,Furosemide
Hydrochlorothiazide,Hydrochlorothiazide
Indapamide,Indapamide
Spironolactone,Spironolactone
Éplérénone,Eplerenone
Clonidine,Clonidine
Méthyldopa,Methyldopa
Nitrate d'isosorbide,Isosorbide dinitrate
Nitroglycérine,Nitroglycerin , Glyceryl trinitrate
Digoxine,Digoxin
Amiodarone,Amiodarone
Vérapamil,Verapamil
Diltiazem,Diltiazem
Ivabradine,Ivabradine
Warfarine,Warfarin
Héparine,Heparin
Énoxaparine,Enoxaparin
Fondaparinux,Fondaparinux
Rivaroxaban,Rivaroxaban
Dabigatran,Dabigatran
Apixaban,Apixaban
Clopidogrel,Clopidogrel
Ticagrelor,Ticagrelor
Simvastatine,Simvastatin
Atorvastatine,Atorvastatin
Rosuvastatine,Rosuvastatin
Pravastatine,Pravastatin
Fénofibrate,Fenofibrate
Gemfibrozil,Gemfibrozil
Ézétimibe,Ezetimibe
Lévothyroxine,Levothyroxine
Propylthiouracile,Propylthiouracil
Carbimazole,Carbimazole
Méthimazole,Methimazole
Prednisone,Prednisone
Prednisolone,Prednisolone
Dexaméthasone,Dexamethasone
Hydrocortisone,Hydrocortisone
Méthylprednisolone,Methylprednisolone
Triamcinolone,Triamcinolone
Fludrocortisone,Fludrocortisone
Baclofène,Baclofen
Tizanidine,Tizanidine
Méthocarbamol,Methocarbamol
Thiocolchicoside,Thiocolchicoside
Carbamazépine,Carbamazepine
Valproate de sodium,Sodium valproate
Lévétiracétam,Levetiracetam
Phénytoïne,Phenytoin
Phénobarbital,Phenobarbital
Lamotrigine,Lamotrigine
Topiramate,Topiramate
Gabapentine,Gabapentin
Prégabaline,Pregabalin
Éthosuximide,Ethosuximide
Clonazépam,Clonazepam
Vigabatrin,Vigabatrin
Diazépam,Diazepam
Alprazolam,Alprazolam
Bromazépam,Bromazepam
Lorazépam,Lorazepam
Oxazépam,Oxazepam
Zolpidem,Zolpidem
Zopiclone,Zopiclone
Hydroxyzine,Hydroxyzine
Buspirone,Buspirone
Mélatonine,Melatonin
Sertraline,Sertraline
Fluoxétine,Fluoxetine
Paroxétine,Paroxetine
Escitalopram,Escitalopram
Citalopram,Citalopram
Amitriptyline,Amitriptyline
Clomipramine,Clomipramine
Imipramine,Imipramine
Venlafaxine,Venlafaxine
Duloxétine,Duloxetine
Mirtazapine,Mirtazapine
Trazodone,Trazodone
Lithium,Lithium
Agomelatine,Agomelatine
Bupropion,Bupropion
Halopéridol,Haloperidol
Rispéridone,Risperidone
Olanzapine,Olanzapine
Quétiapine,Quetiapine
Aripiprazole,Aripiprazole
Chlorpromazine,Chlorpromazine
Sulpiride,Sulpiride
Clozapine,Clozapine
Sumatriptan,Sumatriptan
Zolmitriptan,Zolmitriptan
Rizatriptan,Rizatriptan
Ergotamine,Ergotamine
Donépézil,Donepezil
Rivastigmine,Rivastigmine
Galantamine,Galantamine
Mémantine,Memantine
Méthylphénidate,Methylphenidate
Atomoxétine,Atomoxetine
Vitamine C,Vitamin C , Ascorbic acid
Vitamine D3,Vitamin D3 , Cholecalciferol
Vitamine B1,Vitamin B1 , Thiamine
Vitamine B6,Vitamin B6 , Pyridoxine
Vitamine B12,Vitamin B12 , Cobalamin
Acide folique,Folic acid , Vitamin B9
Vitamine A,Vitamin A , Retinol
Vitamine E,Vitamin E , Tocopherol
Vitamine K,Vitamin K
Fer sulfate ferreux,Ferrous sulfate
Gluconate ferreux,Ferrous gluconate
Zinc,Zinc
Magnésium,Magnesium
Calcium carbonate,Calcium carbonate
Calcium gluconate,Calcium gluconate
Iode,Iodine
Sélénium,Selenium
Acide salicylique,Salicylic acid
Peroxyde de benzoyle,Benzoyl peroxide
Trétinoïne,Tretinoin
Adapalène,Adapalene
Zinc oxyde,Zinc oxide
Chlorhexidine,Chlorhexidine
Povidone iodée,Povidone iodine
Mupirocine,Mupirocin
Acide fusidique,Fusidic acid
Tacrolimus topique,Topical tacrolimus
Pimécrolimus,Pimecrolimus
Calcipotriol,Calcipotriol
Perméthrine,Permethrin
Timolol collyre,Timolol eye drops
Dorzolamide,Dorzolamide
Latanoprost,Latanoprost
Ciprofloxacine oculaire,Ciprofloxacin eye drops
Acide hyaluronique oculaire,Hyaluronic acid eye drops
Carmellose sodique,Sodium carmellose , Carboxymethylcellulose
Dexaméthasone oculaire,Dexamethasone eye drops
Testostérone,Testosterone
Progestérone,Progesterone
Estradiol,Estradiol
Lévonorgestrel,Levonorgestrel
Contraceptif oral combiné,Combined oral contraceptive
Contraceptif d'urgence,Emergency contraceptive
Misoprostol,Misoprostol
Ocytocine,Oxytocin
Clomifène,Clomifene , Clomiphene
Alendronate,Alendronate
Risédronate,Risedronate
Acide zolédronique,Zoledronic acid
Calcitonine,Calcitonin
Méthotrexate,Methotrexate
Hydroxychloroquine,Hydroxychloroquine
Ciclosporine,Ciclosporin , Cyclosporine
Tacrolimus,Tacrolimus
Azathioprine,Azathioprine
Rituximab,Rituximab
Adalimumab,Adalimumab
Infliximab,Infliximab
Étanercept,Etanercept
Trastuzumab,Trastuzumab
Bevacizumab,Bevacizumab
Imatinib,Imatinib
Tamoxifène,Tamoxifen
Anastrozole,Anastrozole
Letrozole,Letrozole
Cisplatine,Cisplatin
Carboplatine,Carboplatin
Cyclophosphamide,Cyclophosphamide
Doxorubicine,Doxorubicin
Paclitaxel,Paclitaxel
5-Fluorouracile,5-Fluorouracil,5-fu
Capécitabine,Capecitabine
Vinorelbine,Vinorelbine
Gemcitabine,Gemcitabine
Oxaliplatine,Oxaliplatin
Irinotecan,Irinotecan
Hydroxyurée,Hydroxyurea
Eau oxygénée,Hydrogen peroxide
Alcool éthylique,Ethyl alcohol
Alcool isopropylique,Isopropyl alcohol
Nitrate d'argent,Silver nitrate
Tamsulosine,Tamsulosin
Alfuzosine,Alfuzosin
Finastéride,Finasteride
Dutastéride,Dutasteride
Solifénacine,Solifenacin
Toltérodine,Tolterodine
Oxybutynine,Oxybutynin
Douleurs neuropathiques,Neuropathic pain
Douleurs chroniques,Chronic pain
Brûlures urinaires,Urinary burning
Fréquence urinaire,Urinary frequency
Incontinence urinaire,Urinary incontinence
Rétention urinaire,Urinary retention
Hématurie,Hematuria , Blood in urine
Protéinurie,Proteinuria
Trouble de la vision,Visual disturbance
Sécheresse vaginale,Vaginal dryness
Rougeur oculaire,Eye redness
Glaucome,Glaucoma
Cataracte,Cataract
Hypoacousie,Hearing loss
Acouphènes,Tinnitus
Perte de mémoire,Memory loss
Confusion,Confusion
Convulsions,Convulsions , Seizures
Tremblements,Tremors
Paralysie,Paralysis
Paresthésies,Paresthesia
Engourdissement,Numbness
AVC,Stroke , Cerebrovascular accident
Accident ischémique transitoire,Transient ischemic attack , TIA
Tachycardie,Tachycardia
Bradycardie,Bradycardia
Fibrillation auriculaire,Atrial fibrillation
Angor,Angina pectoris
Thrombose veineuse profonde,Deep vein thrombosis
Embolie pulmonaire,Pulmonary embolism
Choc anaphylactique,Anaphylactic shock
Ictère,Jaundice
Ascite,Ascites
Cirrhose,Cirrhosis
Pancréatite,Pancreatitis
Appendicite,Appendicitis
Syndrome du côlon irritable,Irritable bowel syndrome
Maladie de Crohn,Crohn's disease
Rectocolite hémorragique,Ulcerative colitis
Drépanocytose,Sickle cell disease
Thalassémie,Thalassemia
Thrombocytopénie,Thrombocytopenia
Leucémie,Leukemia
Lymphome,Lymphoma
Hypertrophie prostatique bénigne,Benign prostatic hyperplasia
Dysfonction érectile,Erectile dysfunction
Infertilité,Infertility
Endométriose,Endometriosis
Syndrome des ovaires polykystiques,Polycystic ovary syndrome , PCOS
Ménopause,Menopause
Ostéoporose,Osteoporosis
Rachitisme,Rickets
Fracture,Fracture
Spondylarthrite,Spondylarthritis
Lupus érythémateux,Systemic lupus erythematosus
Polyarthrite rhumatoïde,Rheumatoid arthritis
Fibromyalgie,Fibromyalgia
Obésité,Obesity
Trouble bipolaire,Bipolar disorder
Schizophrénie,Schizophrenia
Attaque de panique,Panic attack
Phobie,Phobia
Démence,Dementia
Maladie d'Alzheimer,Alzheimer's disease
Maladie de Parkinson,Parkinson's disease
Sclérose en plaques,Multiple sclerosis
Tuberculose,Tuberculosis
Septicémie,Septicemia , Blood poisoning
Choc septique,Septic shock
Covid-19,COVID-19
Dengue,Dengue fever
Typhoïde,Typhoid fever
Tétanos,Tetanus
Brucellose,Brucellosis
Leishmaniose,Leishmaniasis
Intoxication alimentaire,Food poisoning
Hypoglycémie,Hypoglycemia
Hyperglycémie,Hyperglycemia
Hypokaliémie,Hypokalemia
Hyperkaliémie,Hyperkalemia
Hyponatrémie,Hyponatremia
Déshydratation,Dehydration
Hypercalcémie,Hypercalcemia
Hypocalcémie,Hypocalcemia
Carence en vitamine B12,Vitamin B12 deficiency
Carence en acide folique,Folic acid deficiency
Cardiomyopathie,Cardiomyopathy
Péricardite,Pericarditis
Myocardite,Myocarditis
Endocardite,Endocarditis
Trouble du rythme cardiaque,Cardiac arrhythmia
Syndrome de Raynaud,Raynaud's syndrome
Thrombophlébite,Thrombophlebitis
Varices,Varicose veins
Stéatose hépatique,Hepatic steatosis , Fatty liver
Lithiase biliaire,Cholelithiasis , Gallstones
Lithiase rénale,Nephrolithiasis , Kidney stones
Glomérulonéphrite,Glomerulonephritis
Syndrome néphrotique,Nephrotic syndrome
Goitre,Goiter
Insuffisance surrénalienne,Adrenal insufficiency
Syndrome de Cushing,Cushing's syndrome
Pré-éclampsie,Preeclampsia
Hyperémèse gravidique,Hyperemesis gravidarum
Fausse couche,Miscarriage
Aphtes,Mouth ulcers , Aphthous ulcers
Gingivite,Gingivitis
Parodontite,Periodontitis
Dyspepsie,Dyspepsia , Indigestion
Méléna,Melena , Black stool
Rectorragie,Hematochezia , Rectal bleeding
Dysurie,Dysuria
Alopécie,Alopecia , Hair loss
Hyperhidrose,Hyperhidrosis , Excessive sweating
Hyperpigmentation,Hyperpigmentation
Vitiligo,Vitiligo
Rosacée,Rosacea
Cellulite infectieuse,Cellulitis
Érysipèle,Erysipelas
Névralgie post-zostérienne,Postherpetic neuralgia
Conjonctivite allergique,Allergic conjunctivitis
Kératoconjonctivite sèche,Dry keratoconjunctivitis
Otite externe,External otitis
Otite moyenne aiguë,Acute otitis media
Épistaxis,Epistaxis , Nosebleed
Polypes nasaux,Nasal polyps
Aphonie,Aphonia , Loss of voice
Apnée du sommeil,Sleep apnea
Syndrome des jambes sans repos,Restless legs syndrome
Narcolepsie,Narcolepsy
Bruxisme,Bruxism , Teeth grinding
Autisme,Autism spectrum disorder
TDAH,ADHD , Attention deficit hyperactivity disorder
Retard de croissance,Growth retardation
Fièvre prolongée,Prolonged fever
Fièvre d'origine inconnue,Fever of unknown origin
Syndrome inflammatoire,Inflammatory syndrome
Douleurs thoraciques,Chest pain
Claudication intermittente,Intermittent claudication
Pied diabétique,Diabetic foot
Neuropathie diabétique,Diabetic neuropathy
Rétinopathie diabétique,Diabetic retinopathy
Néphropathie diabétique,Diabetic nephropathy
Syndrome métabolique,Metabolic syndrome
Douleurs pelviennes,Pelvic pain
Dysménorrhée,Dysmenorrhea , Painful periods
Aménorrhée,Amenorrhea
Métrorragie,Metrorrhagia , Abnormal uterine bleeding
Ménorragie,Menorrhagia , Heavy periods
Vaginite,Vaginitis
Salpingite,Salpingitis
Endométrite,Endometritis
Orchite,Orchitis
Épididymite,Epididymitis
Prostatite,Prostatitis
Pyélonéphrite,Pyelonephritis
Urétrite,Urethritis
Dysphagie,Dysphagia , Difficulty swallowing
